{"dots": [6251.201171875, 6978.1875, 7608.03564453125, 6860.76708984375, 5384.00048828125], "cosines": [0.7522186040878296, 0.7989193201065063, 0.8176276683807373, 0.7166841626167297, 0.4411975145339966]}